<?xml version="1.0" encoding="UTF-8"?>
<beans xmlns = "http://www.springframework.org/schema/beans"
   xmlns:xsi = "http://www.w3.org/2001/XMLSchema-instance"
   xsi:schemaLocation = "http://www.springframework.org/schema/beans 
   http://www.springframework.org/schema/beans/spring-beans-3.0.xsd">
   
<bean id="capacinoo" class="com.coffee.Capacinoo">
<property name="cream" value="Yes"></property>
</bean>
<bean id="xpressoo" class="com.coffee.Xpressoo">
<property name="cream" value="No"></property>
</bean>
</beans>
